INSERT INTO ROLE VALUES(1, 'ROLE_SE_USER');
INSERT INTO ROLE VALUES(2, 'ROLE_SE_ADMIN');
INSERT INTO ROLE VALUES(3, 'ROLE_SUPER_ADMIN');

INSERT INTO USERLOGIN VALUES(23, 'guest@example.com',      true,  'Guest',       'Guser',  '$2a$11$nKUdgHqDrh1lQS6h/TDR7.cROw8D68Rclw1MvtGX6dMwP4m5Uzk5i');
INSERT INTO USERLOGIN VALUES(24, 'admin@example.com',      true,  'Admin',       'Auser',  '$2a$11$T8IGfNuQqHTPViGXHMkMH./8zjK.mlVBm5I6BSM30IQPNbcbSgWV6');
INSERT INTO USERLOGIN VALUES(25, 'superadmin@example.com', true,  'Super-Admin', 'Sauser', '$2a$11$SncbA3RmlTQpX4PQZtlyguKIkHVUOhybty/kiz7e0TvKXxIIad39C');
INSERT INTO USERLOGIN VALUES(26, 'inactive@example.com',   false, 'Inactive',    'Iuser',  '$2a$11$JOYH1fSWj/C59GfwuEK96eanbXVf1qPv5cQozC7oNBeuqZyI0bSWy');

INSERT INTO USERS_ROLES  VALUES(23, 1);
INSERT INTO USERS_ROLES  VALUES(24, 1);
INSERT INTO USERS_ROLES  VALUES(24, 2);
INSERT INTO USERS_ROLES  VALUES(25, 1);
INSERT INTO USERS_ROLES  VALUES(25, 2);
INSERT INTO USERS_ROLES  VALUES(25, 3);
INSERT INTO USERS_ROLES  VALUES(26, 1);

INSERT INTO ACTIVITY VALUES('jyga', 'JYG Animator');
INSERT INTO ACTIVITY VALUES('jygp', 'JYG Participant');
INSERT INTO ACTIVITY VALUES('sct', 'SC Tutor');
INSERT INTO ACTIVITY VALUES('scp', 'SC Participant');
INSERT INTO ACTIVITY VALUES('dmh', 'DM Host');
INSERT INTO ACTIVITY VALUES('dmp', 'DM Participant');
INSERT INTO ACTIVITY VALUES('cct', 'CC Teacher');
INSERT INTO ACTIVITY VALUES('ccp', 'CC Participant');
INSERT INTO ACTIVITY VALUES('fh', 'Fireside Host');
INSERT INTO ACTIVITY VALUES('fp', 'Fireside Participant');

INSERT INTO COREACTIVITY VALUES('sc', 'SC');
INSERT INTO COREACTIVITY VALUES('jyg', 'JYG');
INSERT INTO COREACTIVITY VALUES('dm', 'DM');
INSERT INTO COREACTIVITY VALUES('cc', 'CC');

INSERT INTO COUNTRY VALUES('se');

INSERT INTO REGION VALUES('northern', '', 'se');
INSERT INTO REGION VALUES('central', '', 'se');
INSERT INTO REGION VALUES('southern', '', 'se');

INSERT INTO CLUSTER VALUES('norrbotten', '', 'northern');
INSERT INTO CLUSTER VALUES('vasterbotten', '', 'northern');
INSERT INTO CLUSTER VALUES('jamtland', '', 'northern');
INSERT INTO CLUSTER VALUES('vasternorrland', '', 'northern');
INSERT INTO CLUSTER VALUES('stockholm', '', 'central');
INSERT INTO CLUSTER VALUES('uppsala', '', 'central');
INSERT INTO CLUSTER VALUES('malardalen', '', 'central');
INSERT INTO CLUSTER VALUES('gavleborg', '', 'central');
INSERT INTO CLUSTER VALUES('dalarna', '', 'central');
INSERT INTO CLUSTER VALUES('varmland', '', 'central');
INSERT INTO CLUSTER VALUES('gotland', '', 'central');
INSERT INTO CLUSTER VALUES('vastragotaland', '', 'southern');
INSERT INTO CLUSTER VALUES('ostergotland', '', 'southern');
INSERT INTO CLUSTER VALUES('kalmarlan', '', 'southern');
INSERT INTO CLUSTER VALUES('jonkoping', '', 'southern');
INSERT INTO CLUSTER VALUES('halland', '', 'southern');
INSERT INTO CLUSTER VALUES('kronoberg', '', 'southern');
INSERT INTO CLUSTER VALUES('blekinge', '', 'southern');
INSERT INTO CLUSTER VALUES('skane', '', 'southern');

INSERT INTO TEAM VALUES(901, 262, 413.125, 'stockholm');
INSERT INTO TEAM VALUES(902, 189, 443.125, 'stockholm');
INSERT INTO TEAM VALUES(903, 58, 69, 'uppsala');

INSERT INTO TEAMS_CORE_ACTIVITIES  VALUES(901, 5, 1, 12, 'sc');
INSERT INTO TEAMS_CORE_ACTIVITIES  VALUES(901, 8, 1, 9, 'jyg');
INSERT INTO TEAMS_CORE_ACTIVITIES  VALUES(901, 0, 0, 0, 'dm');
INSERT INTO TEAMS_CORE_ACTIVITIES  VALUES(901, 0, 0, 0, 'cc');
INSERT INTO TEAMS_CORE_ACTIVITIES  VALUES(903, 1, 1, 5, 'sc');
INSERT INTO TEAMS_CORE_ACTIVITIES  VALUES(903, 6, 1, 10, 'jyg');
INSERT INTO TEAMS_CORE_ACTIVITIES  VALUES(903, 0, 0, 0, 'dm');
INSERT INTO TEAMS_CORE_ACTIVITIES  VALUES(903, 3, 1, 4, 'cc');

/* Hibernate generates columns in alphabetic order */
INSERT INTO MEMBER VALUES(111, 'John', 'Doe', 'M', 'I', 901);
INSERT INTO MEMBER VALUES(222, 'Jane', 'Die', 'O', 'II', 901);
INSERT INTO MEMBER VALUES(333, 'Michael', 'Rie', 'T', 'III', 902);
INSERT INTO MEMBER VALUES(444, 'Joss', 'Alright', '', '', 903);

INSERT INTO CAPABILITY VALUES(1, 'sct', 111);
INSERT INTO CAPABILITY VALUES(2, 'cct', 111);
INSERT INTO CAPABILITY VALUES(3, 'jyga', 111);
INSERT INTO CAPABILITY VALUES(4, 'dmh', 222);
INSERT INTO CAPABILITY VALUES(5, 'fh', 333);
INSERT INTO CAPABILITY VALUES(6, 'jyga', 333);

INSERT INTO COMMITMENT VALUES(12, 'sct', 111);
INSERT INTO COMMITMENT VALUES(13, 'dmh', 111);
INSERT INTO COMMITMENT VALUES(14, 'dmh', 222);
INSERT INTO COMMITMENT VALUES(15, 'fh', 333);
INSERT INTO COMMITMENT VALUES(16, 'jyga', 333);
INSERT INTO COMMITMENT VALUES(17, 'sct', 333);
INSERT INTO COMMITMENT VALUES(18, 'jyga', 444);
INSERT INTO COMMITMENT VALUES(19, 'sct', 444);

INSERT INTO STATSHISTORY VALUES('stockholm', '2016-11-01', 2, 20, 1, 10, 5, 1, 21, 13, 1, 33, 25, 1, 40, 36, 1, 12, 0);
INSERT INTO STATSHISTORY VALUES('stockholm', '2016-08-01', 1, 22, 1, 11, 4, 1, 20, 13, 1, 36, 25, 1, 42, 33, 1, 0, 0);